<ImportExportXml xmlns:xsi="http://www.w3.org/2001/XMLSchema-instance">
  <Entities>
    <Entity>
      <Name LocalizedName="Account" OriginalName="">Account</Name>
      <EntityInfo>
        <entity Name="Account">
          <attributes>
            <attribute PhysicalName="bw_LegalHold">
              <Type>bit</Type>
              <Name>bw_legalhold</Name>
              <LogicalName>bw_legalhold</LogicalName>
              <RequiredLevel>none</RequiredLevel>
              <DisplayMask>ValidForAdvancedFind|ValidForForm|ValidForGrid</DisplayMask>
              <ImeMode>auto</ImeMode>
              <ValidForUpdateApi>1</ValidForUpdateApi>
              <ValidForReadApi>1</ValidForReadApi>
              <ValidForCreateApi>1</ValidForCreateApi>
              <IsCustomField>1</IsCustomField>
              <IsAuditEnabled>1</IsAuditEnabled>
              <IsSecured>1</IsSecured>
              <IntroducedVersion>1.0.0.0</IntroducedVersion>
              <IsCustomizable>1</IsCustomizable>
              <IsRenameable>1</IsRenameable>
              <CanModifySearchSettings>1</CanModifySearchSettings>
              <CanModifyRequirementLevelSettings>1</CanModifyRequirementLevelSettings>
              <CanModifyAdditionalSettings>1</CanModifyAdditionalSettings>
              <SourceType>0</SourceType>
              <IsGlobalFilterEnabled>0</IsGlobalFilterEnabled>
              <IsSortableEnabled>0</IsSortableEnabled>
              <CanModifyGlobalFilterSettings>1</CanModifyGlobalFilterSettings>
              <CanModifyIsSortableSettings>1</CanModifyIsSortableSettings>
              <IsDataSourceSecret>0</IsDataSourceSecret>
              <AutoNumberFormat></AutoNumberFormat>
              <IsSearchable>0</IsSearchable>
              <IsFilterable>0</IsFilterable>
              <IsRetrievable>0</IsRetrievable>
              <IsLocalizable>0</IsLocalizable>
              <AppDefaultValue>0</AppDefaultValue>
              <optionset Name="bw_account_bw_legalhold">
                <OptionSetType>bit</OptionSetType>
                <IntroducedVersion>1.0.0.0</IntroducedVersion>
                <IsCustomizable>1</IsCustomizable>
                <displaynames>
                  <displayname description="Legal Hold" languagecode="1033" />
                </displaynames>
                <Descriptions>
                  <Description description="" languagecode="1033" />
                </Descriptions>
                <options>
                  <option value="0" Color="#0000ff">
                    <labels>
                      <label description="No" languagecode="1033" />
                    </labels>
                  </option>
                  <option value="1" Color="#0000ff">
                    <labels>
                      <label description="Yes" languagecode="1033" />
                    </labels>
                  </option>
                </options>
              </optionset>
              <displaynames>
                <displayname description="Legal Hold" languagecode="1033" />
              </displaynames>
              <Descriptions>
                <Description description="" languagecode="1033" />
              </Descriptions>
            </attribute>
            <attribute PhysicalName="bw_LegalHoldReason">
              <Type>ntext</Type>
              <Name>bw_legalholdreason</Name>
              <LogicalName>bw_legalholdreason</LogicalName>
              <RequiredLevel>none</RequiredLevel>
              <DisplayMask>ValidForAdvancedFind|ValidForForm|ValidForGrid</DisplayMask>
              <ImeMode>auto</ImeMode>
              <ValidForUpdateApi>1</ValidForUpdateApi>
              <ValidForReadApi>1</ValidForReadApi>
              <ValidForCreateApi>1</ValidForCreateApi>
              <IsCustomField>1</IsCustomField>
              <IsAuditEnabled>1</IsAuditEnabled>
              <IsSecured>1</IsSecured>
              <IntroducedVersion>1.0.0.0</IntroducedVersion>
              <IsCustomizable>1</IsCustomizable>
              <IsRenameable>1</IsRenameable>
              <CanModifySearchSettings>1</CanModifySearchSettings>
              <CanModifyRequirementLevelSettings>1</CanModifyRequirementLevelSettings>
              <CanModifyAdditionalSettings>1</CanModifyAdditionalSettings>
              <SourceType>0</SourceType>
              <IsGlobalFilterEnabled>0</IsGlobalFilterEnabled>
              <IsSortableEnabled>0</IsSortableEnabled>
              <CanModifyGlobalFilterSettings>1</CanModifyGlobalFilterSettings>
              <CanModifyIsSortableSettings>1</CanModifyIsSortableSettings>
              <IsDataSourceSecret>0</IsDataSourceSecret>
              <AutoNumberFormat></AutoNumberFormat>
              <IsSearchable>0</IsSearchable>
              <IsFilterable>0</IsFilterable>
              <IsRetrievable>0</IsRetrievable>
              <IsLocalizable>0</IsLocalizable>
              <Format></Format>
              <MaxLength>2000</MaxLength>
              <displaynames>
                <displayname description="Legal Hold Reason" languagecode="1033" />
              </displaynames>
              <Descriptions>
                <Description description="" languagecode="1033" />
              </Descriptions>
            </attribute>
            <attribute PhysicalName="bw_RetainUntil">
              <Type>datetime</Type>
              <Name>bw_retainuntil</Name>
              <LogicalName>bw_retainuntil</LogicalName>
              <RequiredLevel>none</RequiredLevel>
              <DisplayMask>ValidForAdvancedFind|ValidForForm|ValidForGrid</DisplayMask>
              <ImeMode>auto</ImeMode>
              <ValidForUpdateApi>1</ValidForUpdateApi>
              <ValidForReadApi>1</ValidForReadApi>
              <ValidForCreateApi>1</ValidForCreateApi>
              <IsCustomField>1</IsCustomField>
              <IsAuditEnabled>1</IsAuditEnabled>
              <IsSecured>0</IsSecured>
              <IntroducedVersion>1.0.0.0</IntroducedVersion>
              <IsCustomizable>1</IsCustomizable>
              <IsRenameable>1</IsRenameable>
              <CanModifySearchSettings>1</CanModifySearchSettings>
              <CanModifyRequirementLevelSettings>1</CanModifyRequirementLevelSettings>
              <CanModifyAdditionalSettings>1</CanModifyAdditionalSettings>
              <SourceType>0</SourceType>
              <IsGlobalFilterEnabled>0</IsGlobalFilterEnabled>
              <IsSortableEnabled>0</IsSortableEnabled>
              <CanModifyGlobalFilterSettings>1</CanModifyGlobalFilterSettings>
              <CanModifyIsSortableSettings>1</CanModifyIsSortableSettings>
              <IsDataSourceSecret>0</IsDataSourceSecret>
              <AutoNumberFormat></AutoNumberFormat>
              <IsSearchable>1</IsSearchable>
              <IsFilterable>0</IsFilterable>
              <IsRetrievable>0</IsRetrievable>
              <IsLocalizable>0</IsLocalizable>
              <Format>datetime</Format>
              <CanChangeDateTimeBehavior>1</CanChangeDateTimeBehavior>
              <Behavior>1</Behavior>
              <displaynames>
                <displayname description="Retain Until" languagecode="1033" />
              </displaynames>
              <Descriptions>
                <Description description="" languagecode="1033" />
              </Descriptions>
            </attribute>
          </attributes>
        </entity>
      </EntityInfo>
      <FormXml>
        <forms type="main">
          <systemform>
            <formid>{a72c7955-442b-4ea4-9499-b10cd18b4256}</formid>
            <IntroducedVersion>8.0.0.0</IntroducedVersion>
            <FormPresentation>2</FormPresentation>
            <FormActivationState>1</FormActivationState>
            <form shownavigationbar="true" showImage="false" maxWidth="1920" headerdensity="HighWithControls" solutionaction="Modified">
              <tabs>
                <tab name="SUMMARY_TAB" id="{3fbb0e51-c6a6-42a1-8113-3b19558132f2}" IsUserDefined="0" showlabel="false" expanded="true" locklevel="0" ordinalvalue="0">
                  <columns>
                    <column width="24%" id="0">
                      <sections>
                        <section name="ACCOUNT_INFORMATION" showlabel="true" showbar="false" id="{0ec2e053-634c-4955-8f61-bfc599ce53c1}" IsUserDefined="0" layout="varwidth" columns="1" labelwidth="115" celllabelposition="Left" ordinalvalue="0">
                          <rows>
                            <row>
                              <cell id="{83dccaff-09d9-41d0-b821-40ba54552999}" showlabel="false" ordinalvalue="10000">
                                <labels>
                                  <label description="Primary Contact" languagecode="1033" solutionaction="Added" />
                                </labels>
                              </cell>
                            </row>
                            <row>
                              <cell id="{a8c64b24-9fec-493b-bfd4-49637c243132}" showlabel="true" ordinalvalue="10001">
                                <labels>
                                  <label description="Account Name" languagecode="1033" solutionaction="Added" />
                                </labels>
                              </cell>
                            </row>
                            <row>
                              <cell id="{ef2c88be-705c-4c90-98c3-7f90fc0d706c}" showlabel="true" ordinalvalue="10005" solutionaction="Modified" />
                            </row>
                            <row>
                              <cell id="{0bfe4998-5b51-4aa6-83e3-972898f155a1}" showlabel="true" ordinalvalue="10006" solutionaction="Modified">
                                <labels>
                                  <label description="Fax" languagecode="1033" solutionaction="Added" />
                                </labels>
                              </cell>
                            </row>
                            <row>
                              <cell id="{e3f51852-90c2-4b33-8629-ac786384437a}" showlabel="true" ordinalvalue="10007" solutionaction="Modified">
                                <labels>
                                  <label description="Website" languagecode="1033" solutionaction="Added" />
                                </labels>
                              </cell>
                            </row>
                            <row>
                              <cell id="{7bbba77a-0b62-415a-98d7-899ec877aacc}" showlabel="true" locklevel="0" ordinalvalue="10008" solutionaction="Modified">
                                <labels>
                                  <label description="Primary Contact" languagecode="1033" solutionaction="Added" />
                                </labels>
                              </cell>
                            </row>
                            <row>
                              <cell id="{b5e71955-f9cf-48d4-8f2f-c5f847a0667d}" ordinalvalue="10009" solutionaction="Modified">
                                <labels>
                                  <label description="Parent Account" languagecode="1033" solutionaction="Added" />
                                </labels>
                              </cell>
                            </row>
                            <row>
                              <cell id="{cbeb02bf-cf1a-43e1-a6aa-a727eb0d8edf}" showlabel="true" locklevel="0" ordinalvalue="10010" solutionaction="Modified">
                                <labels>
                                  <label description="Address 1" languagecode="1033" solutionaction="Added" />
                                </labels>
                              </cell>
                            </row>
                            <row>
                              <cell id="{17a12ce7-e300-eab1-5820-e0b1a9e4603a}" showlabel="true" locklevel="0" ordinalvalue="10002" solutionaction="Added">
                                <labels>
                                  <label description="Legal Hold" languagecode="1033" />
                                </labels>
                                <control id="bw_legalhold" classid="{67FAC785-CD58-4f9f-ABB3-4B7DDC6ED5ED}" datafieldname="bw_legalhold" disabled="false" />
                              </cell>
                            </row>
                            <row>
                              <cell id="{c183cebc-3397-8e7e-83b5-38bcc4956880}" showlabel="true" locklevel="0" ordinalvalue="10003" solutionaction="Added">
                                <labels>
                                  <label description="Legal Hold Reason" languagecode="1033" />
                                </labels>
                                <control id="bw_legalholdreason" classid="{E0DECE4B-6FC8-4a8f-A065-082708572369}" datafieldname="bw_legalholdreason" disabled="false" />
                              </cell>
                            </row>
                            <row>
                              <cell id="{0c6f8020-2613-46fe-8f52-7c71ebff8a7e}" locklevel="0" ordinalvalue="10004" solutionaction="Added">
                                <labels>
                                  <label description="Retain Until" languagecode="1033" />
                                </labels>
                                <control id="bw_retainuntil" classid="{5B773807-9FB2-42DB-97C3-7A91EFF8ADFF}" datafieldname="bw_retainuntil" disabled="true" />
                              </cell>
                            </row>
                          </rows>
                        </section>
                      </sections>
                    </column>
                    <column width="38%" id="2">
                      <sections>
                        <section name="ref_pan_SUMMARY_TAB_section_6" showlabel="true" showbar="false" locklevel="0" id="{2de57b8f-b251-411d-802c-ad2c696fc51c}" IsUserDefined="0" layout="varwidth" columns="1" labelwidth="115" celllabelalignment="Left" celllabelposition="Top" ordinalvalue="0">
                          <rows>
                            <row>
                              <cell id="{333307f3-422a-445a-80ed-c065402e8c8e}" showlabel="true" colspan="1" auto="false" rowspan="7" ordinalvalue="10000">
                                <control id="Contacts" classid="{02D4264B-47E2-4B4C-AA95-F439F3F4D458}">
                                  <parameters>
                                    <VisualizationId />
                                  </parameters>
                                </control>
                              </cell>
                            </row>
                          </rows>
                        </section>
                      </sections>
                    </column>
                  </columns>
                </tab>
                <tab name="DETAILS_TAB" id="{d76404cc-4248-474a-bc6a-8fb250ef6268}" IsUserDefined="0" showlabel="true" expanded="true" ordinalvalue="1">
                  <columns>
                    <column width="34%" id="0">
                      <sections>
                        <section name="COMPANY_PROFILE" showlabel="true" showbar="false" id="{468b3d84-64fd-42d5-9d6f-ecb8bb6140d1}" IsUserDefined="0" layout="varwidth" columns="1" labelwidth="115" celllabelposition="Left" ordinalvalue="0">
                          <rows>
                            <row>
                              <cell id="{8248e46a-01de-4227-b481-b560f3a7f925}" showlabel="true" ordinalvalue="10000">
                                <labels>
                                  <label description="Industry" languagecode="1033" solutionaction="Added" />
                                </labels>
                              </cell>
                            </row>
                            <row>
                              <cell id="{c651a736-268c-47f0-981b-a8669645b1fb}" showlabel="true" ordinalvalue="10001">
                                <labels>
                                  <label description="SIC Code" languagecode="1033" solutionaction="Added" />
                                </labels>
                              </cell>
                            </row>
                            <row>
                              <cell id="{a2a05a5c-41ac-4110-afab-22f1006afc57}" showlabel="true" ordinalvalue="10002">
                                <labels>
                                  <label description="Ownership" languagecode="1033" solutionaction="Added" />
                                </labels>
                              </cell>
                            </row>
                          </rows>
                        </section>
                        <section name="DETAILS_TAB_section_6" showlabel="true" showbar="false" locklevel="0" id="{d783eb86-3dab-40b6-88a5-25937a00ae9f}" IsUserDefined="0" layout="varwidth" columns="1" labelwidth="115" celllabelalignment="Left" celllabelposition="Top" height="auto" ordinalvalue="1">
                          <rows>
                            <row>
                              <cell id="{c5330535-3fd5-4415-8490-ce74d880612a}" showlabel="false" locklevel="0" rowspan="3" auto="true" ordinalvalue="10000">
                                <labels>
                                  <label description="Description" languagecode="1033" solutionaction="Added" />
                                </labels>
                              </cell>
                            </row>
                          </rows>
                        </section>
                      </sections>
                    </column>
                    <column width="33%" id="1">
                      <sections>
                        <section name="MARKETING" showlabel="true" locklevel="0" showbar="false" id="{16c26642-7c5d-4674-88ed-044b5853ffed}" IsUserDefined="0" layout="varheight" columns="1" labelwidth="115" celllabelposition="Left" ordinalvalue="0">
                          <rows>
                            <row>
                              <cell id="{3303b291-811f-46a4-a3f3-e32a0c10feee}" ordinalvalue="10000">
                                <labels>
                                  <label description="Originating Lead" languagecode="1033" solutionaction="Added" />
                                </labels>
                              </cell>
                            </row>
                          </rows>
                        </section>
                      </sections>
                    </column>
                    <column width="33%" id="2">
                      <sections>
                        <section name="BILLING" showlabel="true" showbar="false" id="{b3b43dba-1ca2-44ad-95dc-0498eeeb7da8}" IsUserDefined="0" layout="varwidth" columns="1" labelwidth="115" celllabelposition="Left" locklevel="0" celllabelalignment="Left" ordinalvalue="0">
                          <rows>
                            <row>
                              <cell id="{ab2c833f-33b9-4a68-a86e-9a84428fdcca}" ordinalvalue="10000">
                                <labels>
                                  <label description="Currency" languagecode="1033" solutionaction="Added" />
                                </labels>
                              </cell>
                            </row>
                            <row>
                              <cell id="{ffc4513b-f861-4c0c-894d-d982878a9818}" ordinalvalue="10001">
                                <labels>
                                  <label description="Credit Limit" languagecode="1033" solutionaction="Added" />
                                </labels>
                              </cell>
                            </row>
                            <row>
                              <cell id="{015968ec-0830-41a6-8146-52a16fda615d}" ordinalvalue="10002">
                                <labels>
                                  <label description="Credit Hold" languagecode="1033" solutionaction="Added" />
                                </labels>
                              </cell>
                            </row>
                            <row>
                              <cell id="{8e4c3254-2bb0-4cfd-9bbc-9a898713f602}" ordinalvalue="10003">
                                <labels>
                                  <label description="Payment Terms" languagecode="1033" solutionaction="Added" />
                                </labels>
                              </cell>
                            </row>
                          </rows>
                        </section>
                      </sections>
                    </column>
                  </columns>
                </tab>
                <tab name="Devices_Tab" id="{a35b5817-15de-1794-1aa0-5ce174a633b2}" IsUserDefined="0" locklevel="0" showlabel="true" expanded="true" visible="false" ordinalvalue="2">
                  <columns>
                    <column width="100%" id="0">
                      <sections>
                        <section name="Devices_Tab_Section_1" showlabel="false" showbar="false" locklevel="0" id="{ca041c31-121d-7a9a-8d61-d04c4b017262}" IsUserDefined="0" layout="varwidth" columns="11" labelwidth="115" celllabelalignment="Left" celllabelposition="Left" height="auto" ordinalvalue="0">
                          <rows />
                        </section>
                      </sections>
                    </column>
                  </columns>
                </tab>
              </tabs>
              <header id="{657fd085-05d3-4918-aaac-24614234457c}" columns="1111" celllabelposition="Top" labelwidth="115">
                <rows>
                  <row>
                    <cell id="{1c47a142-b8ab-4f57-b847-65cdbc014754}" ordinalvalue="10000">
                      <labels>
                        <label description="Annual Revenue" languagecode="1033" solutionaction="Added" />
                      </labels>
                    </cell>
                    <cell id="{7ee2d972-3492-4b72-af3b-09f14d57f2b4}" showlabel="true" ordinalvalue="20001">
                      <labels>
                        <label description="Number of Employees" languagecode="1033" solutionaction="Added" />
                      </labels>
                    </cell>
                    <cell id="{c50ed597-39cf-41a7-a1ba-c18de76a49ec}" showlabel="true" locklevel="1" ordinalvalue="30002">
                      <labels>
                        <label description="Owner" languagecode="1033" solutionaction="Added" />
                      </labels>
                    </cell>
                    <cell id="{f0cc5bd5-a75d-4d43-b085-2ead1ff9a041}" showlabel="false" ordinalvalue="40003" solutionaction="Modified" />
                  </row>
                </rows>
              </header>
              <events>
                <event name="onload" application="true" active="true">
                  <InternalHandlers>
                    <Handler functionName="AppCommon.Account.Instance.form_onload" libraryName="AppCommon/Account/Account_main_system_library.js" handlerUniqueId="2bccd2b4-2e7e-485e-877e-0b0f26c20b83" enabled="true" />
                  </InternalHandlers>
                  <Handlers>
                    <Handler functionName="BW.Scripts.Account.Form.onLoad" libraryName="bw_gdpr_account_form.js" handlerUniqueId="{2ce6b711-25b7-2b03-d3a9-7de4d7cebbc6}" enabled="true" parameters="" passExecutionContext="true" ordinalvalue="1" solutionaction="Added" />
                  </Handlers>
                </event>
                <event name="onchange" application="false" active="false" attribute="bw_legalhold" solutionaction="Added">
                  <Handlers>
                    <Handler functionName="BW.Scripts.Account.Form.addLegalHold" libraryName="bw_gdpr_account_form.js" handlerUniqueId="{264d0cea-3c89-1aa3-4a98-19d486e584a5}" enabled="true" parameters="" passExecutionContext="true" ordinalvalue="0" />
                  </Handlers>
                </event>
              </events>
              <Navigation>
                <NavBar />
                <NavBarAreas solutionaction="Added">
                  <NavBarArea Id="Info">
                    <Titles>
                      <Title LCID="1033" Text="Common" />
                    </Titles>
                  </NavBarArea>
                  <NavBarArea Id="Sales">
                    <Titles>
                      <Title LCID="1033" Text="Sales" />
                    </Titles>
                  </NavBarArea>
                  <NavBarArea Id="Service">
                    <Titles>
                      <Title LCID="1033" Text="Service" />
                    </Titles>
                  </NavBarArea>
                  <NavBarArea Id="Marketing">
                    <Titles>
                      <Title LCID="1033" Text="Marketing" />
                    </Titles>
                  </NavBarArea>
                  <NavBarArea Id="ProcessCenter">
                    <Titles>
                      <Title LCID="1033" Text="Process Sessions" />
                    </Titles>
                  </NavBarArea>
                </NavBarAreas>
              </Navigation>
              <formLibraries>
                <Library name="bw_gdpr_account_form.js" libraryUniqueId="{23eeb168-d9ac-1bbc-2e42-a1c1e58b1b86}" solutionaction="Added" />
              </formLibraries>
              <controlDescriptions solutionaction="Added" />
              <footer id="{06307176-ba51-44af-899e-cee824e05cb2}" celllabelposition="Top" columns="111" labelwidth="115" celllabelalignment="Left" solutionaction="Added">
                <rows>
                  <row>
                    <cell id="{cfbf82bd-ded0-493f-a340-a03454572983}" showlabel="false" ordinalvalue="10000">
                      <labels>
                        <label description="" languagecode="1033" />
                      </labels>
                    </cell>
                    <cell id="{d1417408-7cf0-47a0-a8ea-b839adc0bfc1}" showlabel="false" ordinalvalue="20001">
                      <labels>
                        <label description="" languagecode="1033" />
                      </labels>
                    </cell>
                    <cell id="{787d61a2-3dbc-4904-b737-86f6422496dd}" showlabel="false" ordinalvalue="30002">
                      <labels>
                        <label description="" languagecode="1033" />
                      </labels>
                    </cell>
                  </row>
                </rows>
              </footer>
            </form>
            <LocalizedNames>
              <LocalizedName description="Account for Interactive experience" languagecode="1033" />
            </LocalizedNames>
            <Descriptions>
              <Description description="Default Interactive experience Account form." languagecode="1033" />
            </Descriptions>
          </systemform>
        </forms>
      </FormXml>
      <RibbonDiffXml>
        <CustomActions />
        <Templates>
          <RibbonTemplates Id="Mscrm.Templates"></RibbonTemplates>
        </Templates>
        <CommandDefinitions />
        <RuleDefinitions>
          <TabDisplayRules />
          <DisplayRules />
          <EnableRules />
        </RuleDefinitions>
        <LocLabels />
      </RibbonDiffXml>
    </Entity>
  </Entities>
  <Roles></Roles>
  <Workflows>
    <Workflow WorkflowId="{f8732bf2-0e3b-eb11-a813-0022480069c4}" Name="Delete Accounts and Related Data where Retail Until Date has expired">
      <JsonFileName>/Workflows/DeleteAccountsandRelatedDatawhereRetailUntilDateha-F8732BF2-0E3B-EB11-A813-0022480069C4.json</JsonFileName>
      <Type>1</Type>
      <Subprocess>0</Subprocess>
      <Category>5</Category>
      <Mode>0</Mode>
      <Scope>4</Scope>
      <OnDemand>0</OnDemand>
      <TriggerOnCreate>0</TriggerOnCreate>
      <TriggerOnDelete>0</TriggerOnDelete>
      <AsyncAutodelete>0</AsyncAutodelete>
      <SyncWorkflowLogOnFailure>0</SyncWorkflowLogOnFailure>
      <StateCode>1</StateCode>
      <StatusCode>2</StatusCode>
      <RunAs>1</RunAs>
      <IsTransacted>1</IsTransacted>
      <IntroducedVersion>1.0.0.0</IntroducedVersion>
      <IsCustomizable>1</IsCustomizable>
      <BusinessProcessType>0</BusinessProcessType>
      <IsCustomProcessingStepAllowedForOtherPublishers>1</IsCustomProcessingStepAllowedForOtherPublishers>
      <PrimaryEntity>none</PrimaryEntity>
      <LocalizedNames>
        <LocalizedName languagecode="1033" description="Delete Accounts and Related Data where Retail Until Date has expired" />
      </LocalizedNames>
    </Workflow>
  </Workflows>
  <FieldSecurityProfiles>
    <FieldSecurityProfile name="Legal Hold" fieldsecurityprofileid="{dc555956-0f3b-eb11-a813-0022480069c4}">
      <FieldPermissions>
        <FieldPermission>
          <EntityName>account</EntityName>
          <AttributeName>bw_legalhold</AttributeName>
          <CanRead>4</CanRead>
          <CanUpdate>4</CanUpdate>
          <CanCreate>4</CanCreate>
        </FieldPermission>
        <FieldPermission>
          <EntityName>account</EntityName>
          <AttributeName>bw_legalholdreason</AttributeName>
          <CanRead>4</CanRead>
          <CanUpdate>4</CanUpdate>
          <CanCreate>4</CanCreate>
        </FieldPermission>
      </FieldPermissions>
    </FieldSecurityProfile>
  </FieldSecurityProfiles>
  <Templates />
  <EntityMaps />
  <EntityRelationships />
  <OrganizationSettings />
  <optionsets />
  <WebResources>
    <WebResource>
      <WebResourceId>{668be788-5b3a-eb11-a813-0022480069c4}</WebResourceId>
      <Name>bw_gdpr_account_form.js</Name>
      <DisplayName>bw_gdpr_account_form.js</DisplayName>
      <WebResourceType>3</WebResourceType>
      <IntroducedVersion>1.0.0.0</IntroducedVersion>
      <IsEnabledForMobileClient>0</IsEnabledForMobileClient>
      <IsAvailableForMobileOffline>0</IsAvailableForMobileOffline>
      <DependencyXml>&lt;Dependencies&gt;&lt;Dependency componentType="WebResource"/&gt;&lt;/Dependencies&gt;</DependencyXml>
      <IsCustomizable>1</IsCustomizable>
      <CanBeDeleted>1</CanBeDeleted>
      <IsHidden>0</IsHidden>
      <FileName>/WebResources/bw_gdpr_account_formjs668BE788-5B3A-EB11-A813-0022480069C4</FileName>
    </WebResource>
  </WebResources>
  <CustomControls />
  <SolutionPluginAssemblies>
    <PluginAssembly FullName="GDPRChallenge.Incident.Plugins.UpdateRetainUntilDate, Version=1.0.5.0, Culture=neutral, PublicKeyToken=6a1206a1a5369dcb" PluginAssemblyId="9f94745c-5063-403a-822e-1e33c3e6b1fd" CustomizationLevel="1">
      <IsolationMode>2</IsolationMode>
      <SourceType>0</SourceType>
      <IntroducedVersion>1.0</IntroducedVersion>
      <FileName>/PluginAssemblies/GDPRChallengeIncidentPluginsUpdateRetainUntilDate-9F94745C-5063-403A-822E-1E33C3E6B1FD/GDPRChallengeIncidentPluginsUpdateRetainUntilDate.dll</FileName>
      <PluginTypes>
        <PluginType AssemblyQualifiedName="GDPRChallenge.Incident.Plugins.UpdateRetainUntilDate.IncidentPlugin, GDPRChallenge.Incident.Plugins.UpdateRetainUntilDate, Version=1.0.5.0, Culture=neutral, PublicKeyToken=6a1206a1a5369dcb" PluginTypeId="e81ee3a5-7442-4dcb-aac9-e168be8c3cf3" Name="GDPRChallenge.Incident.Plugins.UpdateRetainUntilDate.IncidentPlugin">
          <FriendlyName>d8edcca7-927b-4d8c-8a6e-e7a8021b6323</FriendlyName>
        </PluginType>
      </PluginTypes>
    </PluginAssembly>
  </SolutionPluginAssemblies>
  <SdkMessageProcessingSteps>
    <SdkMessageProcessingStep Name="GDPRChallenge.Incident.Plugins.UpdateRetainUntilDate.IncidentPlugin: Update of incident" SdkMessageProcessingStepId="{2205ec16-183b-eb11-a813-0022480069c4}">
      <SdkMessageId>20bebb1b-ea3e-db11-86a7-000a3a5473e8</SdkMessageId>
      <PluginTypeName>GDPRChallenge.Incident.Plugins.UpdateRetainUntilDate.IncidentPlugin, GDPRChallenge.Incident.Plugins.UpdateRetainUntilDate, Version=1.0.5.0, Culture=neutral, PublicKeyToken=6a1206a1a5369dcb</PluginTypeName>
      <PluginTypeId>e81ee3a5-7442-4dcb-aac9-e168be8c3cf3</PluginTypeId>
      <PrimaryEntity>incident</PrimaryEntity>
      <AsyncAutoDelete>1</AsyncAutoDelete>
      <Description>GDPRChallenge.Incident.Plugins.UpdateRetainUntilDate.IncidentPlugin: Update of incident</Description>
      <FilteringAttributes>statecode</FilteringAttributes>
      <InvocationSource>1</InvocationSource>
      <Mode>1</Mode>
      <Rank>1</Rank>
      <EventHandlerTypeCode>4602</EventHandlerTypeCode>
      <Stage>40</Stage>
      <IsCustomizable>1</IsCustomizable>
      <IsHidden>0</IsHidden>
      <SupportedDeployment>0</SupportedDeployment>
      <IntroducedVersion>1.0</IntroducedVersion>
      <SdkMessageProcessingStepImages>
        <SdkMessageProcessingStepImage Name="Image">
          <SdkMessageProcessingStepImageId>{7d6a2c2d-1a3b-eb11-a813-0022480069c4}</SdkMessageProcessingStepImageId>
          <Attributes>customerid,modifiedon,statecode</Attributes>
          <EntityAlias>Image</EntityAlias>
          <ImageType>1</ImageType>
          <MessagePropertyName>Target</MessagePropertyName>
          <IsCustomizable>1</IsCustomizable>
        </SdkMessageProcessingStepImage>
      </SdkMessageProcessingStepImages>
    </SdkMessageProcessingStep>
  </SdkMessageProcessingSteps>
  <EntityDataProviders />
  <Languages>
    <Language>1033</Language>
  </Languages>
</ImportExportXml>